Index,FEN,Answer1,Answer2,CorrectAnswer
1,2r2rk1/1p1qbppp/pBnp1n2/3Np3/Q3P3/5N2/PPP2PPP/R3K2R b KQ - 0 1,Nb8,Qg4,Answer2
2,2r4k/p1r1p2p/3pQ1p1/8/5R2/PN1qp3/1P4PP/2R1K3 w - - 0 1,g4,Rd1,Answer2
3,3k1NQ1/pp2r3/2pb4/3p4/N7/1P1B4/P1P1KPP1/R3R2q w - - 0 1,Ne6+,Kf3,Answer1
4,6k1/2q2rp1/3b1p1p/1Rp2P1N/p1PpP1QP/P7/6P1/6K1 b - - 0 1,d3,Re7,Answer1
5,1Q6/ppnk3p/2p1b1p1/8/n4B2/2N5/Pq3PPP/3K1BNR b - - 0 1,Qxc3,Nxc3+,Answer2
6,r4rk1/ppp2ppp/2np1q2/4p1bB/1P2P3/P1N4P/2PN4/R1BQ1K1R w - - 0 1,Kg2,Kg1,Answer1
7,r4rk1/1pp3p1/p1n2q1p/8/4R2P/2P4P/P1PB1P2/R2Q2K1 w - - 0 1,Qe2,Bf4,Answer1
8,1rb2rk1/pp3p2/3q3p/3N2p1/6n1/3B4/PPP1RPPP/R2Q1K2 b - - 0 1,Qxh2,Qxd5,Answer1
9,r1b2kr1/1p1p1p1p/p7/2PQnB2/1P6/P6P/5PPq/R3RK2 b - - 0 1,Nc6,d6,Answer1
10,r1bq1rk1/ppp2ppp/3p1n2/2b1p3/2BnP3/2NPBN2/PPP2PPP/R2Q1RK1 w - - 0 1,Nxd4,h3,Answer2
11,8/1k1N4/6p1/5p2/3P3P/r5P1/5P2/6K1 b - - 0 1,Kc7,Rd3,Answer1
12,2k3r1/ppp2p2/3p2r1/3Pq2p/4P2P/1P3QP1/P4P2/1R3RK1 w - - 0 1,Kh1,Rfc1,Answer1
13,2r3k1/2r2pp1/2q1p2p/p2p4/2P1n3/1P1Q1NP1/P1R2P1P/2R2K2 b - - 0 1,dxc4,Qa6,Answer2
14,4rk2/p4p1p/npp5/2bp2q1/8/1P2PNP1/PQP2P1P/5RK1 b - - 0 1,Qe7,Qf5,Answer2
15,q4rk1/3n4/p1r3pp/2ppP3/6P1/3Pb2P/PBQ1N2K/1R3R2 b - - 0 1,a5,Nxe5,Answer1
16,r1bq1rk1/p1pp1ppp/1pn3n1/2b5/2B1PQ2/5N2/PPP2PPP/RNB2RK1 w - - 0 1,Qg4,Qd2,Answer2
17,r2qk2r/ppp2ppp/2np4/2b1p3/2BNP1b1/3PP3/PPP2QPP/RN2K2R b KQkq - 0 1,exd4,O-O,Answer2
18,4n3/p7/3k1ppp/2pp4/8/1N1K3P/PPP2PP1/8 w - - 0 1,c4,c3,Answer1
19,8/2R1Bk2/3Kr2p/5p2/8/8/8/8 w - - 0 1,Kd7,Kd5,Answer2
20,1r3rk1/2ppR1b1/pp3q2/3P2Np/P2p3Q/3P4/1PP2PPP/R5K1 w - - 0 1,Rae1,Qxh5,Answer1
21,2r5/5k2/pq3pNb/3bp3/1p2P3/1P6/4QPP1/3R2K1 w - - 0 1,Rxd5,exd5,Answer2
22,6k1/ppp3r1/3p3R/3P4/3p4/P4r2/KP6/7R b - - 0 1,Rff7,Rf5,Answer2
23,2r2Nnr/1pk5/2pp1p2/p5pp/P7/2N5/1P2QPKP/R1B5 w - - 0 1,Qe7+,Ng6,Answer2
24,8/1p3R2/2p5/2P5/PP1k1n2/3B1p1r/3K4/8 w - - 0 1,Rxf4+,Rd7+,Answer1
25,rn1qk2r/pppb2pp/5n2/1B1P1p2/1b1Pp3/2N2P1N/PPP3PP/R1BQK2R w KQkq - 0 1,Bxd7+,a3,Answer1
26,2br3k/2Q5/p2r4/1p2p2p/4Ppp1/1BP2P2/PP4PP/7K w - - 0 1,h3,Bd5,Answer2
27,8/8/p1b1B2p/6p1/1p2k3/6P1/PPP4P/7K w - - 0 1,Kg2,Kg1,Answer2
28,5k2/8/8/5K2/p1QP4/4r3/5r2/8 w - - 0 1,Kg4,Kg6,Answer1
29,4K3/4P3/2PBk3/8/7r/8/8/8 w - - 0 1,c7,Kd8,Answer2
30,r3kb2/2p2p2/p2p3p/1P1P4/3Qp3/1PK2q2/1P2N3/R1B5 w q - 0 1,Qe3,Be3,Answer1
31,5k2/R4ppp/6P1/P7/2P5/2KP4/3rrPb1/8 b - - 0 1,Bc6,hxg6,Answer2
32,2qr4/1p4k1/p2P1p1p/P2Qp1p1/2B1P3/5P2/6PP/6K1 b - - 0 1,Qd7,Qc6,Answer1
33,2rqr1k1/1b1nbppp/1p3n2/p2p4/P2p4/1PNBPN1P/1Q3PP1/R1B1R1K1 w - - 0 1,Nxd4,exd4,Answer2
34,5rk1/R6p/4p1p1/4P1B1/1P1nP3/8/PP4PP/6K1 w - - 0 1,a4,Bf6,Answer2
35,5rk1/6b1/7p/P1Q5/1P1P4/2P4R/1KN2rq1/7R w - - 0 1,Qc4+,,Answer1
36,2r3k1/pp2Rpbp/6p1/3n1q2/8/Q7/P1r3PP/4R2K b - - 0 1,Nxe7,,Answer1
37,r2qkbnr/ppp1pppp/2n5/8/3PN1b1/8/PPP1NPPP/R1BQKB1R b KQkq - 0 1,e5,Nxd4,Answer1
38,3r1rk1/2q3pp/1pb1R1p1/p7/1n1Q4/P2N1NP1/1PP2P1P/2KR4 w - - 0 1,Qc4,Nxb4,Answer1
39,3q1rk1/p4ppp/1prPp3/8/5P1b/P3B2Q/1PP3PP/2KR3R b - - 0 1,Bf6,Rxd6,Answer1
40,8/1b3R1B/7k/ppb1r1N1/7P/1Pn3P1/P1PP4/2KR4 w - - 0 1,dxc3,Rdf1,Answer1
41,4r1k1/1p3p1p/p3p1nB/1b5B/2q1p3/P5Q1/5PPP/3R2K1 b - - 0 1,Ba4,Qc5,Answer2
42,r3k1nr/ppp3pp/3p4/4pq2/2Pn4/2NP1B2/PP3PPP/R2Q1RK1 b kq - 0 1,O-O-O,Nxf3+,Answer2
43,8/8/pB6/P4p2/1kp2P2/8/2K3p1/8 w - - 0 1,Kb2,Bg1,Answer1
44,2rq3r/1b3k2/1n2pbpp/pp6/8/PBNPQ2P/1PP2PP1/R4RK1 b - - 0 1,b4,Nd5,Answer2
45,5rk1/p2q1rp1/4Q3/P7/8/2P5/6PP/R4R1K w - - 0 1,Qc4,Qxd7,Answer1
46,r1b2k1r/pp2b1p1/n1p1p1Bp/4N1n1/1PPP1q2/P4N1P/2Q2PP1/1R2K2R w K - 0 1,g3,Rb3,Answer2
47,r6k/ppp2r1p/2p2p2/5Q2/2P2b2/1P1p4/PK1N4/4qNRR b - - 0 1,Be5+,Bxd2,Answer1
48,7k/1R4p1/3bp2p/P7/8/6P1/3p1PKP/2rB4 w - - 0 1,Be2,a6,Answer1
49,r1b2rk1/1p3ppp/p2p4/3B3Q/8/P7/1q3PPP/4R1K1 b - - 0 1,Qxa3,g6,Answer2
50,r3kb1r/pp1bnppp/3p1n2/2qPp3/2N1P3/1P2BN2/P4PPP/R2Q1RK1 b kq - 0 1,Qc7,Qb5,Answer1
51,rn4k1/pp3ppp/3R4/2p1r2q/6b1/4BN2/PPP1QP2/2K2B2 b - - 0 1,Nc6,Bxf3,Answer1
52,r2q1rk1/p1p2ppp/2p2n2/3p4/1b1P2b1/2N1PN2/PP1B1PPP/R2Q1RK1 w - - 0 1,Rc1,Ne5,Answer1
53,1k4rr/pppnqp2/3b4/3Pn3/P2N1P1p/1Q2B3/1P1N2Pp/R4R1K b - - 0 1,Ng4,Nc5,Answer2
54,2rr2k1/1q2b1pp/4p3/p2n1p2/PpNB1P2/1P1QP3/6PP/2RR2K1 b - - 0 1,Nxf4,Nc3,Answer2
55,8/p1R5/1p4r1/7p/PP1B4/2Pk1b1P/5P2/5K2 w - - 0 1,Rxa7,Re7,Answer2
56,4rk2/1p2q3/p1r3p1/4pN2/1P3R2/2b4P/P4PP1/1Q1R2K1 b - - 0 1,gxf5,Qf6,Answer2
57,3r2k1/5p1p/1q3bp1/1p6/pP2Q3/6P1/B4PKP/2R5 b - - 0 1,Kg7,Rd2,Answer1
58,8/6k1/6p1/4P2p/5P1r/R7/5K2/8 w - - 0 1,Kf3,Ra4,Answer2
59,r1b2r2/ppq3kp/4p1p1/3pRPQn/2pP4/2N5/PPP2PPP/R5K1 b - - 0 1,exf5,Rxf5,Answer2
60,6k1/1b3ppp/1p6/pP1pp3/P3P2q/3PbPPP/4N1KN/5Q2 b - - 0 1,Qe7,Qh6,Answer1
61,r1bq1rk1/pp3pp1/3p1b1p/2p5/2BQPP2/8/PPP3PP/R1B2RK1 w - - 0 1,Qd3,Qd5,Answer1
62,1r4k1/rBp2ppp/p2p4/3N2q1/4PP2/1QP4b/PP6/6RK b - - 0 1,Qh5,Qh4,Answer2
63,4r2k/p1p3pp/1p2r3/5p2/P1PPqP2/1Q2P1RP/7K/5R2 b - - 0 1,a5,Qc6,Answer1
64,r2r2k1/1b1n1ppp/p3pn2/1p1qN2N/3P4/3B3P/PP3PP1/2RQR1K1 w - - 0 1,Nf4,Be4,Answer1
65,3r4/pp6/k1r5/5Q2/5P1b/2P1R3/PP4PP/6K1 w - - 0 1,Qh5,Re6,Answer1
66,r3k2r/p2qb3/2pp3p/1p2p2n/1P3p2/P1NP1N1b/1P1B1PP1/R2QR1K1 w kq - 0 1,Nxe5,gxh3,Answer1
67,r4rk1/ppq1pNbp/2p2np1/2Ppnb2/3P1B2/6PP/PP2PP2/R2QKB1R w KQ - 0 1,Nxe5,Bxe5,Answer1
68,r1b3q1/pp4pk/2n5/2Q5/2pPpP2/B1P1P3/P5PP/5RK1 b - - 0 1,Qf7,Bd7,Answer1
69,2k3nr/1pp2ppp/p1n3q1/7P/3B4/2N5/PP2B1P1/3RR1K1 b - - 0 1,Qg3,Qg5,Answer2
70,1r5r/pQpkq3/3b1np1/4p1Np/1PP1P1b1/4B3/P4PPP/R4RK1 w - - 0 1,Qxa7,Qa6,Answer2
71,2r4k/6bp/p3qpp1/1p1NpP2/1P1nP3/P3Q1PP/6BK/2R5 b - - 0 1,Qd7,Qe8,Answer2
72,2Q5/6pk/5n2/7p/3BpP1P/P3P1PK/5q2/8 w - - 0 1,Qc1,Qc7,Answer1
73,6k1/4rp2/4p1pp/PprbP3/5QPq/PB1R4/7P/5RK1 b - - 0 1,Bxb3,Qg5,Answer2
74,r1bqkb1r/pp1p1ppp/2n1p3/3nP3/3P4/5N2/PP3PPP/RNBQKB1R w KQkq - 0 1,Bb5,Nc3,Answer2
75,r1bqr2k/pppp2pp/5p2/4n3/2B1Q3/2B5/PPP2PPP/R3R1K1 b - - 0 1,Nxc4,d6,Answer2
76,r2qkb1r/1p1n1ppp/p3pn2/1N1p4/2pP1B2/P1Q1PN2/1PP2PPP/R3K2R w KQkq - 0 1,Nd6+,Nc7+,Answer2
77,5b2/R7/6pk/4p2p/8/7P/5KP1/8 w - - 0 1,Ke3,Rc7,Answer2
78,8/p7/4kpR1/b7/3BPPP1/2p5/PrK5/8 w - - 0 1,Kd3,Kc1,Answer2
79,4Qb2/3R3k/4p1p1/6q1/4b3/1B5P/PP4P1/6K1 b - - 0 1,Kh6,Bg7,Answer2
80,r1b1k2r/ppp2ppp/2n2q2/3p4/4p2N/BP2P1P1/P1PP1KBP/R2Q3R w kq - 0 1,Ke1,Ke2,Answer1
81,3r1bk1/1r3ppp/1qnpp3/p1p4N/2P1Q3/1PB3P1/P3PP1P/1R1R2K1 b - - 0 1,e5,Qc7,Answer1
82,8/4B3/6n1/3K1k1p/7P/8/8/8 w - - 0 1,Kd6,Bg5,Answer2
83,5k1r/1pr1pp2/1q1p1np1/p2P4/P1P2Q1P/1P2RB2/4RP2/6K1 b - - 0 1,Rh7,Rd7,Answer1
84,rnbqkb1r/ppppp2p/5np1/5p1P/8/4P1P1/PPPP1P2/RNBQKBNR b KQkq - 0 1,g5,Nxh5,Answer1
85,2kr2nr/ppp2ppp/2b2q2/3pb3/3N4/1PN1P3/P1P2PPP/R1BQ1RK1 w - - 0 1,Nxc6,a4,Answer2
86,r1bqkb2/pp2p2Q/2np2p1/1Bp5/8/3P4/PPP1rPPP/RN3RK1 b q - 0 1,Bf5,Bd7,Answer1
87,r3kr2/pp4pp/1bn5/2N5/3P2bq/5B2/PP3NPP/R1BQ1K1R w q - 0 1,Qe2+,Bxg4,Answer1
88,3rkr2/1R3pp1/p1p1bq2/3n2p1/2B5/Q7/P1P2PPP/5RK1 b - - 0 1,Qc3,Qe5,Answer2
89,2rqkb1r/1p3ppp/p3p3/3bP1N1/3Pp3/8/PP3PPP/R1BQR1K1 b k - 0 1,Be7,Bb4,Answer1
90,5rk1/ppp2p2/6p1/6P1/4N3/6K1/Pr6/7R b - - 0 1,Rxa2,Rd8,Answer2
91,8/p7/P7/8/1P4pk/5K1p/7P/8 w - - 0 1,Ke3,Kf2,Answer2
92,6k1/R4ppp/8/8/2N4P/8/5PPK/1r2b3 b - - 0 1,Bxf2,g6,Answer2
93,1k1B2r1/1pp4p/p1qbQ3/P3p3/7n/2NP4/1PP2PP1/R4RK1 w - - 0 1,f3,Qxg8,Answer2
94,7r/pp2ppbp/1k4pn/6N1/3P1B2/7P/P4PP1/2R3K1 w - - 0 1,d5,Rc7,Answer1
95,r1b2rk1/p1p2ppp/2pb1n2/4q3/2P1P3/2N2B2/PP3PPP/R1BQ1RK1 w - - 0 1,Be3,g3,Answer2
96,8/2k5/1p6/1Kn5/5r2/8/B2R4/8 w - - 0 1,Rh2,Bc4,Answer1
97,3r2k1/3P2p1/1p2qp1p/2n5/p1N2P2/P5P1/2Q1R2P/6K1 b - - 0 1,Rxd7,Qc6,Answer2
98,r2q1r1k/1b3ppp/p1n1pn2/1p2N3/1b1P1P2/2NBB3/PP4PP/2RQ1RK1 w - - 0 1,a3,Ne4,Answer1
99,r1bqkb1r/ppp2ppp/8/3np1N1/2P5/5Q2/P1PP1PPP/RNB1K2R b KQkq - 0 1,Nb6,Nf4,Answer2
100,r1b4k/1p2N1p1/p1pq3p/3p4/P2P2n1/3B4/1PP1QPP1/R3R1K1 w - - 0 1,Ng6+,Nf5,Answer1
101,rnbr1k2/pp1p1p2/q1p2p1p/4pN2/1b2P1Q1/2NP4/PPP2PPP/R4RK1 b - - 0 1,d5,d6,Answer1
102,rnb3k1/pppp1r1p/6p1/4Q3/4N2q/1PB4n/P1P1PP1P/R3K2R b - - 0 1,Nxf2,Kf8,Answer2
103,3qrk2/3bb1pQ/1p3p2/p7/7B/3B4/PPP2PPP/RN2K2R w KQ - 0 1,O-O,Bc4,Answer1
104,8/2k2p2/2p5/2P5/3K4/8/8/8 b - - 0 1,Kb7,f5,Answer1
105,r4rk1/1p3pbp/p3pnp1/2p3B1/4P3/3BP3/PPP3PP/R4RK1 b - - 0 1,Ng4,b5,Answer1
106,rn1k1r2/4b1R1/pp1p3Q/2q1p3/6B1/8/P4PPP/3R2K1 w - - 0 1,Qe6,Kh1,Answer2
107,2r1k2r/p4p2/4p3/q1ppbPQp/1p1n2P1/3B3P/PPP2B2/R4RK1 w k - 0 1,fxe6,Bh4,Answer2
108,5rk1/4b1pp/p3q3/1p2Pp2/4Q1P1/1P3N1P/nB3P2/1K1R4 w - - 0 1,Nd4,gxf5,Answer1
109,r2q2k1/2p3pp/p1pb1r2/4p3/4N3/5P1P/PPP2P2/R2QR1K1 b - - 0 1,Rh6,Rxf3,Answer1
110,7k/p3RRp1/8/7p/8/4P3/P3q1PP/6K1 w - - 0 1,h3,Rxg7,Answer1
111,Q6r/p3b1k1/4p1pq/P7/2P5/6P1/1P2BP2/4R1K1 w - - 0 1,Qb7,Qg2,Answer2
112,5q1k/p3b1pp/3p4/2p1P3/4P3/2PQ4/Pr4PP/R3NK2 w - - 0 1,Qf3,Kg1,Answer1
113,1k1r4/ppp1r1q1/7p/1Q1pNpp1/3Pn3/P1P3PP/1P2R3/2K5 b - - 0 1,Nxg3,Ka8,Answer2
114,r7/1ppb2kr/p1n1p3/5p2/3P2q1/2PB2P1/PPQ5/1K2RR2 b - - 0 1,Qxg3,Rh3,Answer2
115,r1b2rk1/ppp1qppp/3p4/8/3QP1n1/4B3/PPP2PPP/2KR1B1R w - - 0 1,Bd2,Bf4,Answer2
116,rnbq2nr/1p1kp2p/2pp4/p6Q/2BPP3/2N5/PPP2PPP/R4RK1 b - - 0 1,Kc7,Qe8,Answer1
117,1r3r1k/3R2p1/7p/p1N5/8/6P1/5qBP/Q6K b - - 0 1,Qxc5,Rb2,Answer2
118,r1bqkr2/pppp2pp/6n1/4N2Q/1bB1P3/1PN5/PBP3PP/2KR4 w q - 0 1,Qxh7,Nxg6,Answer2
119,2k1r2r/ppp2p1p/6p1/4Pq2/3p1n2/PP1P1N1P/2PK1Q2/4R1R1 w - - 0 1,Nxd4,Re4,Answer1
120,6k1/1R4pp/8/4N3/5B2/6P1/4q2P/6K1 w - - 0 1,Rb8#,g4,Answer1
121,r1b1R1k1/2qn1p2/p5p1/1p1p3p/7Q/P2B4/1bP2PPP/R5K1 b - - 0 1,Kg7,Kh7,Answer1
122,1b4kr/rpq2R2/p7/6pN/1P2p3/P3P1N1/6PP/5R1K b - - 0 1,Qd6,Qxf7,Answer2
123,4r1k1/2p4p/p2p2p1/1p1P4/3Q2P1/1B5q/PP3P2/3R2K1 w - - 0 1,Rd3,Qf4,Answer2
124,3r3k/4Rppp/2pP4/1p1qP3/5P2/6P1/PP2Q2P/6K1 w - - 0 1,a3,d7,Answer1
125,r2qr1k1/ppp1bpP1/2npbn1p/8/5Q2/4P3/PPPP1PP1/RNB1KB1R b KQ - 0 1,Ng4,Ne5,Answer1
126,rnbqk1nr/ppp2ppp/4p3/8/3Pp3/2B2P2/PPP3PP/R2QKBNR b KQkq - 0 1,Nf6,Nc6,Answer1
127,8/4k1pp/1p3pq1/p3n3/4P3/P1B2P2/1P4PP/3Q2K1 w - - 0 1,Bd4,Qd4,Answer1
128,r1bq1rk1/pp3pb1/2n5/2pNp1NQ/2P3n1/3P4/PP2BPPP/R4RK1 b - - 0 1,Nh6,Nf6,Answer1
129,rnbq1rk1/ppp1bppp/3p1n2/3Np3/4P3/3P1N2/PPP2PPP/R1BQKB1R w KQ - 0 1,Nxe7+,Bg5,Answer1
130,1r4k1/p4ppp/Q3p3/3qN3/3P4/P3B1P1/5P1P/6K1 w - - 0 1,Qxa7,Qd3,Answer2
131,1r4k1/1p1N1ppp/3Pp3/8/4P3/3n1P2/3QK1Pq/R7 b - - 0 1,Nf4+,Qxg2+,Answer1
132,2R5/3rkp2/pB1p1bpQ/1p6/4P2P/5P2/6PK/4q3 w - - 0 1,Bd8+,Qf8+,Answer2
133,rn1qkb1r/pbpp1ppp/1p2pn2/8/3PP3/3B4/PPP1QPPP/RNB1K1NR w KQkq - 0 1,e5,Nf3,Answer2
134,8/pQrkbp1p/3p1p2/4p3/4P1P1/1N3P2/PPP1q2P/1K1R3R w - - 0 1,Rhe1,Nc5+,Answer2
135,2kr3r/p1p2Q1p/2p5/3p4/P2P1Rnp/2P1P1P1/2q5/R1B3K1 w - - 0 1,Qe6+,Rxg4,Answer1
136,5rk1/7p/1p3RpP/p1q5/7Q/8/PP4P1/7K w - - 0 1,Rxf8+,Re6,Answer1
137,r4rk1/pp4q1/2p1Q1pR/5nP1/5P2/2N5/PPP5/2K5 b - - 0 1,Rf7,Qf7,Answer2
138,4r1k1/4qppp/p1Q5/1r2P3/2pp1P2/8/1PP3PP/4RRK1 b - - 0 1,Qe6,Qa7,Answer1
139,8/2p5/pk6/8/R1P1P3/8/7K/4r3 b - - 0 1,Rxe4,c5,Answer2
140,r7/PR4p1/5pkp/6P1/4pPK1/3rP2P/8/8 b - - 0 1,Rxe3,f5+,Answer2
141,3r2k1/pp5p/5p2/nPbr1q2/8/P4N1R/1B2QPPP/R4K2 w - - 0 1,Nh4,Re1,Answer2
142,2r3k1/p2q1p1p/Q4p2/4nN2/1P6/P3P2P/1B3PPK/8 b - - 0 1,Qxf5,Rc2,Answer1
143,6k1/5p2/p4P2/P3P1p1/5r1p/2R5/6PK/8 b - - 0 1,Kh7,Ra4,Answer1
144,2b1k3/p2qr1pp/3b4/8/3p4/4Q3/PP3PPP/RNB2RK1 w - - 0 1,Qd3,Qxd4,Answer1
145,1r6/3k4/N6p/5p2/5P2/P3P1K1/8/8 b - - 0 1,Rc8,Rb3,Answer1
146,8/8/8/8/8/4k1p1/6K1/7b w - - 0 1,Kxg3,Kxh1,Answer1
147,r4rk1/1p1q1pp1/2p1pP1p/3p4/3P1P2/2p4P/1PP1QP2/2KR1B1R w - - 0 1,bxc3,fxg7,Answer1
148,r2qk2r/p3bpQp/bpp5/3n2N1/8/2P5/PP3PPP/RNB1K2R b KQkq - 0 1,Bf6,Rf8,Answer2
149,rnb1kb1r/pppp1ppp/8/3qN3/4n3/2BB4/PPP2PPP/RN1QK2R w KQkq - 0 1,Qe2,f3,Answer1
150,7r/4k3/NR6/8/3pP1np/3n4/P5PK/R7 w - - 0 1,Kg1,Kh3,Answer1
151,8/7k/2R1p2p/Q7/P1Pp1qb1/3n1B2/1R2PK2/8 w - - 0 1,Kg2,Kf1,Answer1
152,8/8/2P3R1/5p2/8/4p1P1/3pK1k1/Q1r5 w - - 0 1,Qa4,Kxe3,Answer1
153,1r1q3k/3r2p1/pp1nR2p/2pQ4/8/8/P1P2PPP/3R2K1 w - - 0 1,Qe5,Rxd6,Answer2
154,5rk1/6bp/b1Np2p1/p2Pp3/2p3q1/2Pn2P1/PPQB2BP/R5K1 w - - 0 1,Rf1,Be3,Answer2
155,r3kbr1/1p1b1p2/pqn1p2p/1B2B1p1/2P5/5N2/PP2QPPP/R4RK1 w q - 0 1,Ba4,Bxc6,Answer2
156,8/1r5p/6p1/2R1p1P1/7P/1p1p1P2/1B1k1K2/8 b - - 0 1,Kd1,e4,Answer2
157,3r2k1/1pb3r1/2q2pp1/8/1Q1P1P2/1P3NR1/5P2/3R3K w - - 0 1,Qc4+,Rh3,Answer1
158,4r1k1/5ppp/3b4/3Bq3/Q7/P6P/5PP1/2R3K1 w - - 0 1,Qd1,g3,Answer2
159,4r1k1/p2qppb1/3p2pp/1p6/1PrP4/P3QBP1/5P1P/2R1R1K1 b - - 0 1,Rxd4,d5,Answer2
160,r2r2k1/pb3pp1/1p1p1q2/1Q2pNN1/5nPP/5P2/PPP5/2KR3R b - - 0 1,d5,g6,Answer1
161,2bq1k1r/pp4pp/4pb2/3pN3/1P3QP1/8/P4P1P/1B1R2K1 b - - 0 1,g5,Qd6,Answer1
162,3rrbk1/pb3pp1/1p1p2p1/3Pp2n/2P4P/PP2qP2/1B2N1P1/1BRQ1R1K w - - 0 1,Rc3,Kh2,Answer2
163,2Q2R2/5ppk/4r2p/pp3q2/8/7P/5PP1/3R2K1 w - - 0 1,Qd7,Qc7,Answer2
164,2Q3n1/4bpk1/3p2q1/5R2/1p6/2P5/PP4PP/7K w - - 0 1,cxb4,Rf3,Answer1
165,8/5rq1/2k2P2/8/1K6/8/4R3/5Q2 b - - 0 1,Rb7+,Rxf6,Answer1
166,5rk1/2p1Qp1p/6pP/3p2P1/q1p2P2/p4N1K/Pb6/8 b - - 0 1,Qc6,c3,Answer1
167,5rk1/1p5p/p5n1/2p1p3/4P3/Pb2Q1PP/1q3P2/3RKB1R w K - 0 1,Rc1,Qc1,Answer1
168,8/1pp1kr2/8/p1N2pQp/3Pp3/5qP1/5P1P/6K1 b - - 0 1,Rf6,Kf8,Answer1
169,r1b1r1k1/1p3pbp/pB1R1np1/8/2B1p2N/2P2P2/PP2R1PP/6K1 b - - 0 1,g5,exf3,Answer1
170,r2k3r/pp3ppp/3p4/1BpPn1q1/4Q3/P1P1P2b/3B1PPP/R4RK1 w - - 0 1,Kh1,f4,Answer2
171,rnbqkb1r/pppp1ppp/8/4P3/4n3/8/PPPP2PP/RNBQKBNR w KQkq - 0 1,Nf3,Qe2,Answer1
172,rn1q2nr/ppp2kpp/3p4/2b5/4P1b1/2N2N2/PP3PPP/R1BQK2R w KQ - 0 1,Ne5+,Ng5+,Answer1
173,3Q2k1/pppN1p2/3n2pp/3p4/3q4/7P/P4PP1/6K1 b - - 0 1,Kg7,Kh7,Answer1
174,r3k2r/1b4p1/pP1bp3/5p2/2P3p1/8/P2N1BPP/RNQ2R1K w - - 0 1,c5,Bg1,Answer2
175,r1bq2kr/ppp3pp/2n5/2b1p1N1/4QP2/3p4/PPP3PP/RNB2R1K b - - 0 1,h6,Qd4,Answer2
176,8/5kp1/2p5/2P1npP1/1P1pq3/3N4/1KP5/5Q2 b - - 0 1,Kg6,Nf3,Answer1
177,r7/P3k3/2p1p3/2NpP1K1/3Pp3/4P3/4b3/R7 w - - 0 1,Kf4,Kh6,Answer2
178,r3r1k1/pQ3pbp/6p1/4n3/3p4/1P1P2Pq/PB3P1P/R3RNK1 b - - 0 1,Nxd3,Qf5,Answer2
179,3rr1k1/ppp2p1p/5p2/8/8/2PBR1P1/b4P1P/3R2K1 b - - 0 1,Rxe3,Bc4,Answer1
180,6k1/p4pp1/2p3p1/1p6/3rP3/1PN2P2/P1Pn2PP/3R2K1 w - - 0 1,Kf2,Ne2,Answer1
181,2b1k1r1/3qb1pp/1B3p2/3P4/4Q3/8/r4PPP/1R2R1K1 b - - 0 1,Kf8,Bb7,Answer1
182,rn2k1nr/ppp2p1p/3p1P1b/8/5pQ1/3P4/PPq3PP/RNB2R1K b kq - 0 1,Nxf6,Nd7,Answer2
183,8/p1kn2b1/2p2r1p/Np4pP/8/8/PPP1Nn2/2K2R1R w - - 0 1,Rh2,Rhg1,Answer2
184,r1b1kb1r/pp3ppp/2nqp3/1B1n4/3QP3/2N5/PP1B1PPP/R3K1NR b KQkq - 0 1,Nc7,a6,Answer1
185,rn1qkbr1/pp3p1p/2p1B1p1/4Q3/3P4/P3P3/1P3PPP/R1B1K2R b KQq - 0 1,Bd6,fxe6,Answer1
186,r5k1/p5pp/1q2br2/3pp3/6BP/1P4P1/P4P2/2RQ1RK1 b - - 0 1,Bxg4,Raf8,Answer2
187,5rk1/pp3pp1/2pr4/3P4/4nP2/1P2P1Pq/PBQ1R3/4K1R1 b - - 0 1,f5,Nxg3,Answer1
188,r1b1kbr1/pp1ppp1p/1q3p2/1B6/8/1Q2B3/PPP2PPP/R3K2R b KQq - 0 1,Qe6,Qc7,Answer2
189,r1bqkbr1/p1pn1p1p/1p2pn1Q/8/3PpB2/2N3N1/PPP2PPP/R3KB1R w KQq - 0 1,Qh4,Qh3,Answer2
190,1r2r1k1/1Q3ppp/p4q2/8/3b4/8/PP3PPP/1RB2RK1 w - - 0 1,Qd5,Qf3,Answer2
191,r6k/6bp/6p1/2p1p3/1q1nB3/p2PBP2/6PP/Q4RK1 w - - 0 1,Bxd4,Rb1,Answer1
192,r4rk1/bpp2ppp/p1np2n1/8/P1BPP2q/1P3PN1/1B3P1P/R2QK1R1 b Q - 0 1,Qxh2,Nce7,Answer2
193,rn2kb1r/ppp2ppp/5q2/4Pb2/4nP2/2N2QP1/PPP4P/R1B1KB1R b KQkq - 0 1,Qg6,Qc6,Answer1
194,3r2k1/p5pp/2p1bp2/4p3/8/P1p1P1P1/2RN1PBP/6K1 w - - 0 1,Nf1,Ne4,Answer1
195,2k5/2p3pp/p1P2n2/8/2Pp2PP/1P3PK1/P1br4/4R2R w - - 0 1,Re7,g5,Answer1
196,5r2/pp1N1p2/3p3R/3r1kP1/8/2K5/Pn6/6R1 b - - 0 1,Rd8,Nd1+,Answer2
197,1r3rk1/p1pb1p1p/2p3pQ/2bpP3/q7/3B3P/PPP3P1/R1B2R1K b - - 0 1,Be7,Qd4,Answer1
198,1r4k1/4rp1p/P2N2p1/2P5/3P1b2/5N2/R4PP1/6K1 w - - 0 1,Nb7,Nc4,Answer1
199,r4rk1/1p2np2/pq1b1p1Q/2p5/P7/3P1N1B/1pP2PPP/1R3RK1 w - - 0 1,Qxf6,Nh4,Answer2
200,r1b1k2r/1ppp1ppp/p1nbp3/8/3PnP2/PPNBPN2/1BP3qP/R2QK2R w KQkq - 0 1,Rf1,Rg1,Answer1
201,rnbq1rk1/pp3ppp/3p1n2/2pPp3/1bP5/2NBPN2/PP3PPP/R1BQK2R w KQ - 0 1,Bd2,O-O,Answer1
202,rqbb1rk1/1p3ppp/p7/2p1p3/2B1P3/2N2Q2/PP3PPP/2RR2K1 b - - 0 1,Bg5,b5,Answer1
203,8/6pk/3Rp2p/4P3/6P1/r5K1/8/8 w - - 0 1,Kf2,Kh4,Answer1
204,8/1B6/8/8/6p1/5n2/5k2/7K w - - 0 1,Bc8,Be4,Answer1
205,8/8/3R1p2/Pp4p1/6P1/nk3NK1/2r5/8 b - - 0 1,Ra2,b4,Answer1
206,8/8/6k1/5p1p/7P/5KP1/8/8 b - - 0 1,Kg7,Kf6,Answer1
207,5r1k/pp2b1pp/2pp4/3p3Q/6P1/P5q1/1P3R2/5R1K b - - 0 1,Qxf2,Rxf2,Answer1
208,2r3k1/p2r1ppq/5Q1p/8/2P5/8/PP3PRP/3R2K1 w - - 0 1,Qxg7+,Rxd7,Answer1
209,rn1qk2r/ppp2ppp/3p4/8/4n1b1/P1P2N2/1PP1QPPP/R1B1KB1R b KQkq - 0 1,Bxf3,O-O,Answer2
210,2k4r/pp4pp/2p2p2/4p3/1Pn3P1/PQBq3P/5P2/2R1K2R w K - 0 1,Qc2,Rd1,Answer1
211,r1b2rk1/2p1Rppp/2p3q1/p2p2N1/1b1Q2P1/2N5/PPP2P1P/R1B3K1 w - - 0 1,Rxc7,a3,Answer1
212,8/8/8/1n1k1ppp/1PpP4/4KPPP/8/1N6 b - - 0 1,f4+,Nxd4,Answer1
213,5b2/2q3k1/3p1pp1/p2Q4/P3P1P1/1pP5/1Pr5/1K5R b - - 0 1,Qc5,Rf2,Answer2
214,7k/1p2rqRP/p7/3p1r1P/3Bp3/1P6/P1P3Q1/1K6 b - - 0 1,Qxg7,Rf1+,Answer1
215,4r3/1p3p1k/3R4/p1P5/1P2p3/PB1n4/3r2PP/4R1K1 b - - 0 1,e3,Rg8,Answer2
216,1r1qr1k1/1bpn2bp/p1n3p1/1p2ppN1/1P6/P2BPN1P/2P1QPP1/1RB2RK1 b - - 0 1,e4,Re7,Answer2
217,7k/1p6/3B2p1/3n1p1p/P1B4P/6PK/8/4b3 b - - 0 1,Bb4,Nc3,Answer2
218,Q7/1p1n2kp/2p1p3/5p1B/4P2q/P6b/1PP5/R3R2K w - - 0 1,Re3,Rg1+,Answer1
219,2b3k1/p4p1p/5BpQ/3p1p2/3K4/1PP5/P5PP/1q6 b - - 0 1,Qg1+,Qd1+,Answer1
220,4r1k1/2p2pp1/p2p3p/3b4/1P2rp2/P1R2N2/2P2PPP/4RK2 b - - 0 1,Bc4+,Rxe1+,Answer2
221,2R5/5ppk/6p1/1q2p3/rb4P1/4P2P/Q2B1P2/4K2R w K - 0 1,Qb2,Qc2,Answer1
222,r2qkb1r/ppp1pppp/6b1/4N3/3PB1Q1/2N4P/PP3P2/n1B2K1R b kq - 0 1,Qxd4,Bxe4,Answer2
223,1k1r1b1r/2pq1p1p/2pp4/3P2p1/3RPp2/4nQ2/PPP1N1PP/2K2R2 b - - 0 1,Nxf1,c5,Answer2
224,1rb1k2r/5pbp/ppq2np1/2nNB3/1QPp4/1P6/P4PPP/3RR1K1 b k - 0 1,O-O,Be6,Answer2
225,8/pb1k2bp/1p2p1p1/2p5/4PB2/2P3P1/PP1K2BP/8 w - - 0 1,g4,Ke3,Answer1
226,r3kb1r/p1pq1ppp/1pn1p3/3p3n/Q2P1B2/3PPN2/PP3PPP/RN3RK1 w kq - 0 1,Bxc7,Ne5,Answer1
227,r3r1k1/1b3pbp/p2R1np1/1p2n3/3BPN2/P1N2B2/1PP3PP/R5K1 b - - 0 1,Nc4,Nfd7,Answer2
228,2k5/bpp4p/p1P1q1p1/1P2N3/8/7P/P3Q1P1/7K b - - 0 1,Bd4,axb5,Answer2
229,2r2rk1/4p1b1/p4p1B/1pp1nqp1/4N2R/P2P4/1PPQ2PP/R5K1 w - - 0 1,Bxg7,Rh3,Answer1
230,r4r1k/pp1nq1p1/3p1n1p/3Q2B1/8/5N2/PP3PPP/R4RK1 w - - 0 1,Rfe1,Bxf6,Answer2
231,8/3R3p/6pk/2q4r/5Q2/7P/Pp4P1/7K b - - 0 1,Qg5,Rg5,Answer2
232,3r1rk1/1pq2ppp/p1n5/3N4/1b3P2/2BQ3P/P5P1/R3R1K1 b - - 0 1,Rxd5,Qd7,Answer1
233,4R3/6k1/5r2/1r2p1KP/4Pp2/5B2/6P1/8 b - - 0 1,Rc6,Rf8,Answer1
234,r2q1rk1/1b1nb1pp/ppn2p1B/2ppPp2/P7/2NP1NQ1/1PP1B1PP/R4RK1 b - - 0 1,Rf7,g6,Answer2
235,r1b2rk1/1p3pp1/p1p2n1p/P7/3P4/P1N1P1qP/B1P3P1/R1BQR1K1 w - - 0 1,Ne2,Qf3,Answer1
236,8/2R2pkp/4p3/1P4p1/1r2Pn2/2p2P2/P1R3PP/6K1 w - - 0 1,Rb7,a4,Answer2
237,1r4qr/p2k4/3p1pQ1/2p2P2/2P5/7p/PP4PP/1R3R1K w - - 0 1,Rf2,g3,Answer1
238,r3qrk1/1b2n1b1/p1pp3p/1p1Pppp1/2P5/P2PBQ1P/BP3PPN/2R2RK1 b - - 0 1,bxc4,Qd7,Answer1
239,r2q1rk1/pp1b1ppp/3p4/8/2BnNb2/3Q1P2/PPP2P1P/1K4R1 b - - 0 1,Qb6,Nf5,Answer2
240,3r4/1b3pk1/p3p2p/1p4p1/1PnKP3/P1N2PP1/6P1/2RB2R1 w - - 0 1,Nd5,Kc5,Answer1
241,1nk2r2/Q1p1bqpp/3p4/4p3/8/N1P3P1/PP1P1P1P/R1B2K2 w - - 0 1,Nb5,Qe3,Answer2
242,6k1/1p3pbp/4p3/5qPp/2r1N3/P3QP2/1P6/1K5R w - - 0 1,Qb3,Rxh5,Answer2
243,r1bqk2r/ppppnppp/2n5/2b5/3NP3/2P1B3/PP3PPP/RN1QKB1R b KQkq - 0 1,Bxd4,O-O,Answer1
244,2b2rk1/6p1/7p/1pP4q/pP1PP3/P5P1/2Q2Pp1/R3R1K1 w - - 0 1,Kxg2,f4,Answer2
245,r4r1k/4bp1p/p1q1b2Q/2p5/P1P1P3/2N2R2/1PP3PP/R6K b - - 0 1,Rg8,Qd6,Answer2
246,6k1/2p2pp1/p2b3p/1p1P4/3P2qn/2PQ1N2/PP1B1PPP/6K1 w - - 0 1,Ne1,Nxh4,Answer1
247,1r3rk1/8/p2p1p1b/3N2p1/2PpP1q1/1P5b/P2Q2B1/3R1RK1 w - - 0 1,Nxf6+,Rf3,Answer2
248,3r4/p4R2/2p4R/1pk1p3/2p3b1/P7/1P1K1P1P/8 w - - 0 1,Kc3,Kc1,Answer2
249,r1bqk2r/ppp1bp2/2n2n1p/3p2pN/4p3/1PN1P1P1/PBPP1PBP/R2QK2R b KQkq - 0 1,Bg4,Nxh5,Answer2
250,rn3b1r/pp2k1pp/2p2n2/4p3/2B1b1P1/5N1P/PqPBQP2/RN2K2R w KQ - 0 1,Bc3,O-O,Answer2
251,8/2kr3p/8/p1p2p2/8/PQ1P3P/1b3qP1/1R5K b - - 0 1,Bd4,c4,Answer2
252,3r2k1/5ppp/p3p3/5P2/4R1B1/3n3Q/PP3K1P/4r3 w - - 0 1,Qxd3,Kf3,Answer1
253,6k1/Q2b1rpp/2p5/2PpP3/4p3/2B1PqP1/P4P1P/5RK1 w - - 0 1,Qb8+,e6,Answer2
254,rn1q1rk1/pb3ppp/4pn2/2p1N1B1/8/3B4/PPP2PPP/R2Q1RK1 b - - 0 1,Qd5,Nbd7,Answer1
255,r1bqnrk1/2p1n1pp/pb2P3/1p1p4/8/1BN2N2/PP3PPP/R1BQ1RK1 b - - 0 1,Bxe6,Nf6,Answer2
256,8/7p/1N1pk1r1/4Pp2/7P/3P3N/3K4/8 b - - 0 1,Kxe5,Rg4,Answer2
257,r2q1rk1/ppp2pp1/3p1n2/4P1N1/8/P2P3Q/2P3PP/b4R1K b - - 0 1,Qd7,Bxe5,Answer1
258,8/2Q1Kpk1/3p2p1/3qn3/8/4B1P1/P4P2/8 w - - 0 1,Qxd6,Qc8,Answer2
259,rr4k1/3n1pp1/3qn2p/1Rp1p3/4P3/P2P3P/1BQ1NPP1/5RK1 w - - 0 1,Qc4,a4,Answer2
260,rnb1kb1r/pp1pppp1/1q3n1p/2pP4/7B/8/PPP1PPPP/RN1QKBNR w KQkq - 0 1,b3,Bxf6,Answer2
261,r2r2k1/1p3ppp/p4P2/8/5Q2/P1Pp3P/1q4P1/2RR3K b - - 0 1,g6,Qxa3,Answer2
262,r1b1k1nr/ppp2ppp/2nqp3/8/Qbp1P3/2N5/PP1BNPPP/2KR1B1R b kq - 0 1,a6,Qe7,Answer2
263,4r3/1b3pkp/p1p3p1/1p2q3/8/2PB3P/PP1Q1PP1/R5K1 w - - 0 1,Bf1,Kf1,Answer1
264,r2q1rk1/1p2bppb/p3p2p/3nN3/3P2P1/1B4BP/PP2QP2/3R1RK1 b - - 0 1,a5,b5,Answer1
265,1r3rk1/n1p1p1bp/p2p1pp1/1p2n3/1PP1P3/P1NP1qPP/1BR1NP2/Q2R2K1 b - - 0 1,Nxd3,c5,Answer2
266,6k1/6p1/8/P7/3r1pR1/4p2P/4K1P1/8 w - - 0 1,g3,Kf3,Answer2
267,8/7k/3p2pp/4b3/6K1/P2Q2PP/6r1/8 w - - 0 1,h4,a4,Answer1
268,rnb2r2/ppb1kp1Q/2p5/8/4BP1P/8/PKP5/6NR w - - 0 1,Nf3,f5,Answer1
269,r4rk1/pp3ppp/2q2b2/8/8/1Pn2Q2/P2P1PPP/R1B2RK1 w - - 0 1,Qxc6,dxc3,Answer2
270,8/2r1b1k1/6pp/1p2P3/3B4/p2K3P/P7/5R2 b - - 0 1,Rd7,Rc6,Answer2
271,r2r1k2/1bq1b3/p1p2pQ1/1p2pP2/4P3/1PN2R2/1P4PP/R5K1 w - - 0 1,Rh3,Kh1,Answer2
272,r1b2r1k/2q2pp1/p3p3/3pn3/p7/P1PBR3/1PQ2PPP/5K1R b - - 0 1,Bd7,Nxd3,Answer2
273,r3k2r/p4p2/2n1b3/1p1pPpp1/1PpP2qp/P1P2R2/R2N1BPP/4Q1K1 b kq - 0 1,h3,a5,Answer2
274,2N2r1k/ppb3p1/2p4p/2P3n1/8/1Q2BqP1/PP3P1P/R3R1K1 w - - 0 1,Bxg5,Ne7,Answer1
275,r4rk1/ppbn1ppp/2p1b3/7n/3pN3/P4P2/1PP2QPP/R1B1R1K1 w - - 0 1,b4,Qxd4,Answer1
276,8/pppk1ppp/8/4PP2/6P1/2K1R2P/PP5r/8 b - - 0 1,Kc6,b5,Answer2
277,4r1k1/pp1r1ppp/8/2pNp3/2P1B3/P5PP/5K2/3R4 b - - 0 1,g6,f5,Answer2
278,8/5k2/4R3/6R1/P1r2pP1/5K2/1r6/8 w - - 0 1,Re2,Re4,Answer1
279,2r2rk1/pp3p1p/6p1/1q1pN2n/4P3/P4Q1P/1P2N1P1/2R2R1K b - - 0 1,Rxc1,dxe4,Answer1
280,r1b2qk1/1pp2p2/p1n5/8/3b1NP1/P2Bp3/2P5/1R1QK2R b K - 0 1,Ne5,Qg7,Answer2
281,r1bqkb1r/pp2pppp/5n2/2pPp3/4P3/2P5/PP2BPPP/RN1QK1NR b KQkq - 0 1,Nxe4,e6,Answer2
282,8/8/8/8/r6k/8/5PK1/4R3 b - - 0 1,Kg5,Rg4+,Answer1
283,5rk1/pR4p1/3p1q2/3Pp3/4Pr2/P1PB4/5pR1/3Q1K2 b - - 0 1,Rh4,Qh4,Answer1
284,r2q1rnk/p1pb1pp1/2p2b1p/3pN3/Q7/2N3B1/PPP2PPP/R3R1K1 w - - 0 1,Nxc6,Rad1,Answer2
285,1Q6/1p2q1k1/pN4pp/P1p1rp2/1P6/2P3PP/8/3R2K1 w - - 0 1,Kf1,Rd7,Answer1
286,r3kbnr/pp1q2pp/2n1bp2/2ppp3/8/P3P1P1/1PPPQPBP/RNB1NRK1 b kq - 0 1,h5,Bh3,Answer1
287,r2r2k1/ppp2ppp/3p1n2/2b1p1Q1/2BnP1bN/2NP4/PPP2PPP/R4RK1 w - - 0 1,f3,Nd5,Answer2
288,8/8/8/p1pk3P/b2p4/P7/1K1N4/8 b - - 0 1,c4,Be8,Answer2
289,2r3k1/5pp1/p4n1p/1p1pQ3/1P2p3/P3P1Pq/5P1P/2R2RK1 b - - 0 1,Re8,Ng4,Answer1
290,6k1/bP3p2/4n1pp/4P3/3N2PK/5B2/7P/8 w - - 0 1,Ne2,Nc6,Answer1
291,r2q1rk1/1bppbppp/1p3n2/p2P2N1/4NB2/3Q4/PPP2PPP/R4RK1 b - - 0 1,Ba6,Nxd5,Answer2
292,7r/1p1bkp2/2pNpn1p/q1P1B1p1/4p3/2N5/1P3PPP/4KB1R b K - 0 1,Ra8,Qxc5,Answer1
293,rn2q1k1/pp3bbp/2p2p2/3p2p1/3P1B1N/2N2Q2/PPP2PPP/R5K1 w - - 0 1,Bxb8,Nf5,Answer1
294,k4r2/pp4pp/1q6/3pN3/4b1Q1/1B4b1/PP4PP/RN5K w - - 0 1,Nd2,Nf3,Answer2
295,1r2q2k/2p3pp/ppR5/1n2r3/2B2Q2/1P4P1/7P/5RK1 b - - 0 1,h6,Re4,Answer2
296,8/2R2N2/3P2k1/7p/2P2p2/5P1P/3n1rPK/8 w - - 0 1,Ne5+,d7,Answer1
297,3rr1k1/pp3ppp/2p5/3Bqb2/2P1P3/P7/1P1R2PP/3Q1RK1 b - - 0 1,Bg6,cxd5,Answer2
298,5k2/6pp/4B3/5p2/5Pn1/3R4/1r4PP/6K1 w - - 0 1,h3,g3,Answer2
299,4r1k1/2Q2ppp/8/2B5/p1n5/Pq1b1BP1/5P1P/3R2K1 w - - 0 1,Qd7,Be7,Answer2
300,8/5kp1/1B3p1p/8/4R1PP/r5K1/8/8 w - - 0 1,Kf4,Kf2,Answer2
301,r5k1/5p2/1pN1pbp1/1Pn5/5PP1/3p3R/7P/2R3K1 w - - 0 1,g5,Rd1,Answer2
302,r4qk1/ppp3pp/8/2b1QbN1/3p4/8/PPP2PPP/R5K1 b - - 0 1,Bd6,Rd8,Answer2
303,r4rk1/pp3pp1/8/2qpp1N1/6QP/2N5/PP2KP2/R7 b - - 0 1,Qb6,Rad8,Answer1
304,rnbk3r/pppp1p1p/5p2/8/2B5/4Q3/P2KNP1q/4R1R1 b - - 0 1,Qd6+,Re8,Answer1
305,3r2k1/pq1Rn1pp/1p3p2/2p2Q2/2N1P3/PP6/5PPP/2R3K1 b - - 0 1,Rxd7,Qxd7,Answer2
306,r2q1rk1/ppp2ppp/2nb4/1B3b2/3Qn3/2P2N2/PP3PPP/RNB1R1K1 w - - 0 1,Qd5,Bxc6,Answer2
307,8/8/7P/p7/5pK1/1k3N2/8/2b5 b - - 0 1,a4,Bb2,Answer2
308,3k4/2b5/p1p3p1/P1Pnp3/6B1/1N1K2P1/5P2/8 w - - 0 1,Ke4,Be2,Answer2
309,2rq3r/1p1nbpk1/p3p1p1/3pP3/3N1BQ1/8/PPP2P1P/R5RK b - - 0 1,Rh4,Kg8,Answer2
310,5k2/2r4p/2q3pP/4R3/1p2P3/pP1Q4/P1P3P1/1K6 w - - 0 1,Qf3+,Rd5,Answer2
311,2r4k/p3qp2/n2bpNpP/1p1b4/4pP1Q/2B1P3/PPr3RP/6RK b - - 0 1,Rxg2,,Answer2
312,8/6k1/2N1R3/3p1r1p/3P4/R4pPP/1r3K2/8 w - - 0 1,Kf1,Ke3,Answer1
313,6k1/6pp/1p3p2/pP2p3/1rP1P3/3K2P1/3N4/8 b - - 0 1,Kf7,a4,Answer1
314,r1b2rk1/1ppq1ppp/p2p1n2/8/2B1P3/1QNPP3/PP4PP/R4RK1 w - - 0 1,Rxf6,Nd5,Answer1
315,4b1r1/p3P3/5k2/2p1NP1p/8/1P1P4/P6P/5RK1 w - - 0 1,Kh1,Ng6,Answer2
316,r1bk4/ppp5/2np3p/4p2q/4P1n1/2NP2K1/PPP3PP/R1BQ1R2 b - - 0 1,Nd4,Qxh2+,Answer2
317,3r1k2/2p1np1p/p1P5/4B3/6b1/8/PPP2PpP/R1K1R3 w - - 0 1,b3,Bxc7,Answer1
318,8/4Q2p/6p1/1p4k1/pPp5/P2r2P1/5K1P/1q6 b - - 0 1,Kf5,Kg4,Answer1
319,rn1qkb1r/pbp2ppp/1p2p3/3pP3/3PnB2/2NQ1P2/PPP3PP/R3KBNR b KQkq - 0 1,Nxc3,Qh4+,Answer1
320,6k1/1p3ppN/pb6/1P6/P5n1/6P1/7P/3R3K w - - 0 1,Ng5,Rd7,Answer2
321,r1bqr1k1/pp1p1p1p/6pQ/2pNP1b1/2B5/8/PPP2PPP/R4RK1 w - - 0 1,Qh3,Nf6+,Answer1
322,r5k1/2p1Q1b1/pp1p2pp/3Nn3/3B4/8/PP2q1PP/5RK1 w - - 0 1,Bxe5,Qxc7,Answer1
323,1r1r4/4qpkp/8/1pN2R2/1P4n1/8/1Q4PP/2R3K1 b - - 0 1,Kg8,f6,Answer1
324,4r3/pp2r1pk/6p1/4n2p/1nN5/1N5P/PP3PP1/R3R1K1 w - - 0 1,Rxe5,Nd6,Answer1
325,r2q1rk1/ppp2pbp/3p2p1/3Pp3/2P5/1P3Q2/PB1P1PPP/R4RK1 w - - 0 1,Rae1,Bc3,Answer2
326,r1bq3r/pppp1Qpp/5n2/2b5/5P1k/3P4/PPnN2KP/R1B3R1 b - - 0 1,Bxg1,g6,Answer2
327,2r3k1/5pp1/p1b1p2p/1pP1P1n1/3P2q1/P3P3/4R1PP/1BR1Q1K1 w - - 0 1,e4,Kh1,Answer2
328,2k4r/1pp1b1pp/6pn/4p2r/5P2/P3B1P1/4q1BP/R1Q2RK1 w - - 0 1,Rf2,Bf3,Answer1
329,r4rk1/2qp1ppp/bbp2n2/4p3/1P2P3/2N1B3/2PQBPPP/3R1RK1 w - - 0 1,Na4,Bxa6,Answer2
330,2b2rk1/1p6/7p/1BR5/r4n2/8/1PP3PP/5RK1 w - - 0 1,Bxa4,Rxc8,Answer2
331,r3b1k1/ppp3p1/6rp/3q1p1Q/4N3/P2P2PP/1PP2P2/2R1RK2 w - - 0 1,Nc3,g4,Answer2
332,6r1/2r1qppk/b6p/p2pPN2/1p3Q1P/3P2R1/PP4P1/1K3R2 b - - 0 1,Qe6,Qc5,Answer1
333,r1bqkbnr/pp3ppp/2n5/4P3/3pP3/5N2/PP3PPP/RNBQKB1R w KQkq - 0 1,Bb5,Nbd2,Answer2
334,7k/ppp3bp/3p1r2/3Pp3/2P2nq1/2N2R2/PP4PQ/4R1K1 b - - 0 1,Ne2+,Rg6,Answer1
335,6k1/1p2r3/p1p1r2p/P2pnQp1/8/2P2PqP/1P2R1P1/1B3R1K w - - 0 1,f4,b3,Answer2
336,3r2k1/pbqrppbp/1p4p1/2pnP3/4BP2/2P3NP/PP2Q1P1/R1BR2K1 w - - 0 1,Kh2,Bf3,Answer1
337,2r1k2r/pp1bbp1p/1q2p2p/3pP3/1n1P4/NP3N2/P3BPPP/2RQ1RK1 b k - 0 1,Nxa2,O-O,Answer2
338,8/8/4k1p1/7p/4KP1P/8/8/8 w - - 0 1,Kf3,Ke3,Answer2
339,br4k1/p4R1p/1q6/8/2Q5/7P/P5P1/7K b - - 0 1,Bxg2+,Qb1+,Answer1
340,r3k1nr/pp4pp/n3b3/1N3pB1/3bp2P/P5P1/4PP2/2R1KBNR b Kkq - 0 1,Kf7,Bb6,Answer2
341,r3b1k1/pp3rp1/2n1p1Np/q2pB3/3P4/2P3Q1/P4PPP/R4RK1 b - - 0 1,Nxe5,Rf5,Answer1
342,5qk1/1bp4r/1p1b2p1/p6p/B1Pn3N/P7/2Q2PPP/2B1R1K1 w - - 0 1,Nxg6,Qd3,Answer2
343,3b2k1/6p1/3P2p1/p1p5/Pp6/1P3nPP/2K5/3R4 b - - 0 1,Ne5,Kf7,Answer1
344,r1bqkb1r/pp3ppp/2n1pn2/3p4/3P4/1P3N2/PBP2PPP/RN1QKB1R w KQkq - 0 1,Bd3,Bb5,Answer1
345,8/8/7K/8/8/5Q2/8/q4k2 b - - 0 1,Kg1,Ke1,Answer1
346,rnb1k2r/1p2bppp/p3pn2/3p2B1/1q1NP3/1PNB1P1P/P1PQ2P1/R3K2R b KQkq - 0 1,h6,Qxd4,Answer1
347,r3q2k/p1Q3b1/2p4p/4pp2/2P3n1/1P2P1P1/PB2NP2/3R2K1 w - - 0 1,Kg2,Nf4,Answer2
348,r4rk1/pp2bppp/2p1pn2/6B1/3q4/P2B1Q2/1PP2PPP/R2R2K1 b - - 0 1,Qc5,Qg4,Answer1
349,3rr1k1/p4p1p/1p4p1/1P6/q1p3P1/5N1P/1Q2BPK1/7R w - - 0 1,Ra1,Rc1,Answer2
350,r6k/4PQ1p/6p1/8/5P1K/6P1/P6P/5q2 b - - 0 1,Qe2,g5+,Answer2
351,r1b2rk1/1pp2ppp/3q1n2/3pp3/p2nP3/P2PQ1P1/N1PB1P1P/1K1R1BNR b - - 0 1,Qxa3,Ng4,Answer2
352,r3k2r/pp1b4/4p1p1/2b1PnNp/2Q2P2/3R4/PP6/2K5 w kq - 0 1,Qxc5,Rxd7,Answer2
353,8/1R6/3kp3/3r2p1/4K1P1/8/8/8 b - - 0 1,e5,Re5+,Answer2
354,r1b2rk1/pp1pbppp/1qn1pn2/6B1/2P5/P3PN2/1P1Q1PPP/RN2KB1R w KQ - 0 1,Nc3,b4,Answer1
355,r5k1/5ppp/3Pq1rn/1Bp1p3/P3Pb2/1PN2P2/6QN/R2R3K w - - 0 1,Qe2,Bc4,Answer1
356,bn1k1b1r/p2p1p1p/6p1/3np3/3N4/2P1P2P/Pq1B1PP1/R2QKB1R w KQ - 0 1,Rb1,e4,Answer1
357,7r/p4pp1/1p1b1k2/8/2PpPq2/3P3p/1P3P2/R1B2KQ1 b - - 0 1,h2,Qf3,Answer1
358,3r1k1r/p1R2pp1/4p2p/2p1R3/8/6P1/P4P1P/6K1 b - - 0 1,Rd5,c4,Answer2
359,4R3/pppr2kp/6p1/6N1/2P5/6P1/n4PKP/8 w - - 0 1,Ne6+,Ra8,Answer2
360,7k/NQ4p1/1p5p/4PPnr/1P1R4/6P1/P1r3KP/5R2 w - - 0 1,Rf2,Kh1,Answer1
361,r4r2/1p2n3/pk1qn3/2p4p/2P4N/P1KPQ2P/1P4B1/1N2R3 b - - 0 1,Nd4,Nf4,Answer2
362,2r5/pp6/7Q/1p6/3r4/PKN2pk1/6q1/R1B5 w - - 0 1,Qg7+,Be3,Answer1
363,8/3rk3/4p2p/n1R2pp1/p2N4/Pp2P1PP/1P4K1/8 b - - 0 1,Nb7,Rd5,Answer1
364,8/1pk3pp/1n2bp2/4p3/pR2P3/P1N2P2/1PK3PP/r2B4 w - - 0 1,Kd2,Nxa4,Answer1
365,8/8/8/8/r1pP4/2P5/4kP2/2KN4 w - - 0 1,Nb2,f4,Answer1
366,8/4n3/5kp1/2N2p2/r4P2/2P2KP1/4R3/8 b - - 0 1,Rc4,Ra3,Answer2
367,rn2k3/pp3q1p/7b/2p1p3/3p2RN/3P1N1P/PP2PK2/R2Q4 w q - 0 1,Qg1,Qb3,Answer2
368,6k1/5p1p/1p1N1K2/2rp2p1/R3p3/4P2P/6r1/8 b - - 0 1,Rc6,Ra5,Answer2
369,8/pp2kp2/4p2p/2Pp4/1P2nPn1/P2QP2q/7N/R4R1K w - - 0 1,Qe2,Ra2,Answer2
370,1r3rk1/2p2p2/2Bq2p1/1PnP1bBp/P7/Q3p3/3N1PPP/1R4K1 w - - 0 1,Nc4,Bxe3,Answer2
371,8/8/8/p1R5/PpB5/1PrPk3/8/1K6 w - - 0 1,Re5+,Rg5,Answer2
372,r1bqk2r/pppp1ppp/2n5/8/1bBPn3/2N2N2/PP2QPPP/R1B1K2R b KQkq - 0 1,O-O,Qe7,Answer2
373,2r5/1p3qNk/p2R3p/3bB3/6Q1/2r1p2P/P1P3P1/7K b - - 0 1,Rxc2,,Answer2
374,rn1qk1nr/pp1bppbp/3p2p1/1BpP4/4P3/3Q4/PPP2PPP/RNB1K1NR w KQkq - 0 1,Nf3,a4,Answer2
375,r2r1k2/1p3p2/1qp2p1p/5N2/3Pp3/7P/n5P1/R2QR1K1 w - - 0 1,Rxe4,Qd2,Answer2
376,3r2k1/pp3rp1/7p/7P/2pP1N2/6P1/PPK1R3/8 b - - 0 1,Rxd4,b5,Answer2
377,5r1k/Q3b3/1p3qp1/2p3N1/2P4P/6P1/P4P2/4R1K1 w - - 0 1,Rxe7,Qxe7,Answer2
378,8/1p3p2/1r3k2/rP1p1Np1/1RnPp1P1/4P3/5PK1/1R6 b - - 0 1,Na3,Ke6,Answer2
379,2Q3k1/5pp1/1q1p3p/4pP2/6Pb/3B4/1P3PP1/6K1 b - - 0 1,Qd8,Kh7,Answer1
380,r2qk2r/pp2bpp1/3pbn1p/2p1p1B1/4P3/P1NP1QP1/1PP2PBP/R4RK1 w kq - 0 1,Bxf6,Be3,Answer1
381,r1b1k1nr/pppp1p1p/2n2qp1/2b1p3/2B1P3/5N1Q/PPPP1PPP/RNB1K2R w KQkq - 0 1,d3,Qg3,Answer2
382,r4k1r/3pq2p/2bb4/6p1/p1p1PPB1/P1Q5/3R2P1/1NK1R3 b - - 0 1,Bxf4,Rg8,Answer2
383,1r1qkb1r/2p1n1pp/p1n5/1p1BpbB1/8/2N5/PPP2PPP/R2QK1NR b KQk - 0 1,h6,Nb4,Answer2
384,r3kb1r/5pp1/pq1pb2p/1P2p3/4n3/N4Q2/PP1B1PPP/R3KB1R b KQkq - 0 1,Qd4,d5,Answer2
385,4k2r/3b2pp/5p1n/1p1Bp3/pP6/3NP3/P1r2PPP/2R1K2R b K - 0 1,Rxc1+,Rxa2,Answer1
386,r2qr1k1/pp3p1p/3bbp1B/2p1P3/2Bp4/1Q6/PPP2PPP/2KR3R b - - 0 1,Bf8,Bxe5,Answer1
387,4N2r/4R3/1k1p4/2p5/q5Pp/2PP3Q/1P3P2/1K6 w - - 0 1,Nxd6,Qf3,Answer2
388,rn1q1r2/1p2bppk/5P1p/p3p3/P1B4P/2pPBP1R/1PPQ4/R3K3 w Q - 0 1,Qg2,Qxc3,Answer1
389,r7/1bp4Q/3p1kN1/3P4/pp2r3/1P6/P1P4P/1K6 w - - 0 1,bxa4,Qxc7,Answer1
390,2r1k2r/1p1bqppp/p2b1n2/3pn3/3Q4/P1NBPN2/1P1B1PPP/R3K2R b KQk - 0 1,Bc5,Nxd3+,Answer2
391,3rr1k1/1pp1npp1/2pq3p/1p6/4PP2/2P3R1/PPQ1B1PP/5RK1 w - - 0 1,Bh5,Bd3,Answer2
392,r3k2r/1p3p1p/2b1p1pB/2bpP3/P2q2Q1/8/3N1PPP/R1R3K1 w kq - 0 1,Qg3,Be3,Answer1
393,1q4k1/p4pp1/1p1bp3/6p1/PPP1Q1P1/8/6K1/7R b - - 0 1,Qc7,Bxb4,Answer1
394,8/2B3p1/k3N3/3p2p1/B2Pb1n1/8/1PP2K2/RN1r4 w - - 0 1,Kg3,Ke2,Answer2
395,1r1q1rk1/pbppppbp/1pn2np1/4N3/2PP1B2/2N3P1/PP2PPBP/R2Q1RK1 b - - 0 1,d6,Nxe5,Answer2
396,r2q2rk/pp3p2/2pb1n2/3p1Q2/8/3R4/PPP3PP/1K1NR3 b - - 0 1,Rxg2,Rg6,Answer2
397,r5k1/pb2b1pp/4p3/q1p1Br2/3p4/1P1B1P2/n1PN1KPP/R4Q1R w - - 0 1,Nc4,Bxf5,Answer1
398,rn2k1r1/p1b5/2p2p1p/4p3/1BP1R3/PB4Pq/3Q1P2/R5K1 w q - 0 1,Re3,Ba5,Answer1
399,r2qkb1r/1b3ppp/p1p1p3/1pP1N3/PP1Pp3/2B1P3/5PPP/R2QK2R b KQkq - 0 1,f6,Qd5,Answer2
400,r1b1kbnr/pp2pppp/3p4/q7/1nP1P3/8/PP1Q1PPP/RNB1KBNR w KQkq - 0 1,Nc3,a3,Answer1
401,R4nk1/5pp1/5b2/3B3p/5B2/5P1P/1r4P1/2K5 b - - 0 1,Rb5,Rxg2,Answer1
402,r1b1k2r/ppp1nppp/3p1q2/2b1p3/3nP3/2NP1N2/PPP1BPPP/R1BQ1RK1 w kq - 0 1,Bg5,Nxd4,Answer2
403,1r2r3/2qb2pk/5b2/p1BP1N2/7p/1P1Q3P/P7/1K1R2R1 b - - 0 1,Bb5,Qxc5,Answer1
404,r4rk1/p1Q3pp/2p5/2Np4/1P6/P4q1P/2P2PK1/R4R2 w - - 0 1,Kh2,Kg1,Answer1
405,1r3rk1/3q1p2/8/6Q1/6pN/P1P3P1/7P/R5K1 b - - 0 1,Kh8,Kh7,Answer2
406,8/4b3/4p2k/4K2P/3B2p1/1p6/8/6N1 w - - 0 1,Kxe6,Ne2,Answer2
407,r1b2rk1/pp2bppp/2n1pn2/qN1p2B1/3P4/P2BPN2/1PQ2PPP/R3K2R w KQ - 0 1,b4,Nc3,Answer2
408,rnbq1rk1/pp2bppp/3p1n2/3pp1B1/4P3/2N2N2/PPP1BPPP/R2Q1RK1 w - - 0 1,Nxd5,Bxf6,Answer2
409,4R1k1/p1p3r1/1p1p4/3P1p2/2q4b/7Q/P5PK/8 b - - 0 1,Kh7,Kf7,Answer2
410,1k6/ppp5/5P2/8/1n6/q6B/1R5Q/K1R5 w - - 0 1,Ra2,Kb1,Answer2
411,3r4/5pk1/1b3qp1/1P2R2p/2B2P1P/3Q2P1/6K1/8 w - - 0 1,Qe2,Rd5,Answer1
412,8/1k1p1p2/p4r2/8/1P2qn1p/2P1N3/2RK1Q2/3R4 w - - 0 1,Qf1,Re1,Answer1
413,1k5r/pp4pp/8/3ppb2/5q2/3R4/PPQ2PPP/2R3K1 b - - 0 1,Rc8,Bxd3,Answer1
414,4q3/4rk1p/Q2p2p1/3Ppp2/P1P2P2/1P2R1KP/8/8 w - - 0 1,Qxd6,fxe5,Answer2
415,3r1k2/2rpnppp/p1bRp3/4N3/4P3/2P1N3/P4PPP/3R2K1 b - - 0 1,f6,Bxe4,Answer1
416,8/r1q1r1kp/2p1Q1p1/pp1p4/8/1P1P4/P4PPP/1RR3K1 w - - 0 1,Qxc6,Qg4,Answer2
417,r1bqr1k1/1p3ppp/pbn1pn2/3p4/1P3B2/2PBPN2/P2N1PPP/R2Q1RK1 w - - 0 1,Ne5,a4,Answer1
418,8/5p2/6p1/1pn5/6P1/k3NP2/P7/1K6 b - - 0 1,Kb4,Na4,Answer1
419,5rk1/3Bb2p/5pp1/4p3/8/1br1B3/5PPP/RR5K b - - 0 1,Bf7,Rd8,Answer1
420,3r4/1b1r2k1/pn4p1/3p1p2/2p4R/2q1PBP1/PP2NP2/3R2K1 w - - 0 1,Nxc3,bxc3,Answer2
421,3rr1k1/1p3ppp/3p1P2/8/p1P1N3/PqQK1PBB/7P/R7 w - - 0 1,Bxd6,fxg7,Answer2
422,r2qk3/p2bbn1Q/8/n7/8/8/P4PPP/RN2R1K1 b - - 0 1,Kf8,Bc6,Answer1
423,2r1r1k1/1b1p1ppp/p2n3q/1p6/3Q4/2PB1P2/1P1N2PP/2KR3R b - - 0 1,Nc4,Nf5,Answer1
424,8/1p4p1/1r5p/5K1P/3k1P2/8/1P2R1P1/8 w - - 0 1,g4,g3,Answer2
425,r1b1kb1r/p2ppppp/2p2n2/q7/4P3/2N5/PPPB1PPP/R2QKB1R b KQkq - 0 1,Ba6,Rb8,Answer2
426,8/1p2r1k1/p1n2p2/5Qp1/2q1Pb2/2P2P2/PP1K2P1/3R3R w - - 0 1,Kc2,Ke1,Answer2
427,6k1/5pbp/6p1/PKQ5/2B5/2q1P3/2b5/8 b - - 0 1,Qb2+,Bf8,Answer1
428,5r2/pp4pk/8/1P1B1P1p/PP1p4/3N1Pb1/2r5/R4R1K w - - 0 1,Bxb7,Rg1,Answer1
429,1k1r3r/n5R1/1p2p1np/pP1pPppb/Pq1P4/5NP1/2Q1RPNP/1B4K1 b - - 0 1,Rc8,Bxf3,Answer1
430,rn5r/pbppkppp/1p6/1B1n4/1b6/2N5/PPPBNPPP/R3K2R b KQ - 0 1,Re8,Nxc3,Answer2
431,8/pb5k/1pq3p1/5pPp/1PP2Q2/P5KP/4B3/8 w - - 0 1,Bf3,Qe5,Answer1
432,r1b2rk1/1p1nqppp/p1n1p3/3pP3/3N1P2/2N5/PPPQB1PP/R4RK1 b - - 0 1,Qb4,b5,Answer1
433,2rqk2r/ppb2p2/2p2n1p/3p4/3P1PQ1/1N2P1B1/P5PP/2R2RK1 w k - 0 1,Qf5,Qg7,Answer1
434,8/1p4pk/8/4p1p1/1B4qp/P6R/5PBK/8 w - - 0 1,Bc5,Bd2,Answer2
435,2kr1b1r/1pp2p1p/p1N3p1/3q1R2/3Pn2Q/2P4P/PP4P1/RNB3K1 b - - 0 1,Qxf5,gxf5,Answer2
436,r4rk1/1ppnqpp1/p2Np2p/5b2/3P1P2/P2B2P1/1PP1Q2P/R1B1K2R b KQ - 0 1,Qxd6,cxd6,Answer1
437,r3k2r/p1p2p2/1pnq3p/3p2p1/3P4/4P3/PP3PPP/R2QKB1R w KQkq - 0 1,Bb5,Rc1,Answer2
438,2r2kn1/5p1p/4b1p1/8/P2QPq2/3P4/1R3PPP/1R4K1 w - - 0 1,Rb8,g3,Answer2
439,8/6KP/3q4/2p3N1/2P5/1k1P3P/8/8 b - - 0 1,Qd4+,Qe7+,Answer1
440,3rR1k1/6pp/2pb4/3p2P1/p1pB4/P1P1Qr2/1Pq4P/R6K b - - 0 1,Rxe8,Kf7,Answer1
441,r1bqk2r/2p2p2/3p3b/pp1Pp2p/4P3/1P4BP/1PPNQP2/2KRR3 w kq - 0 1,Kb1,Qxh5,Answer1
442,r2q1rk1/1p2bp1p/p1b1pp1B/3pP3/8/2NQ4/PPP3PP/2KR3R b - - 0 1,Kh8,Re8,Answer1
443,5R2/3P4/5bpk/5p1p/4p3/8/2K5/8 b - - 0 1,Be7,Kg5,Answer1
444,1r4k1/3b1ppp/3qp3/2pp4/1P1Q4/2P1PBP1/5P1P/1R4K1 w - - 0 1,Qxc5,Qd2,Answer2
445,2kr4/6pp/5q2/8/1Q1p4/8/PBr2PPP/R3R1K1 w - - 0 1,Rac1,Rf1,Answer2
446,8/6pk/1P5p/8/2p1q1n1/6B1/P5PP/2Q3K1 w - - 0 1,Qc3,Bf2,Answer2
447,2r3r1/pp6/1n1R4/6pk/2p1pp2/2P1P2P/PP3PP1/3R2K1 b - - 0 1,Rg6,f3,Answer1
448,r2qkb1r/ppp2ppp/1n2bn2/8/2PP4/4BN2/PP3PPP/RN1QKB1R b KQkq - 0 1,Bxc4,Nxc4,Answer2
449,r4rk1/ppp2ppp/1bnp2q1/3Nn2b/2P5/P3PN1R/1B1PBPP1/R2QK3 b Q - 0 1,Bg4,Bxf3,Answer2
450,6r1/1Q4k1/3p1qn1/3Pp3/4Ppp1/5P2/3K1BP1/7R b - - 0 1,Qe7,Qf7,Answer1
451,8/8/p3b3/1p3N2/1P4P1/P1k5/5K2/8 b - - 0 1,Kb3,Kb2,Answer2
452,6k1/4rppn/2b1p2p/1p1pP3/qPpP4/2P2N1P/r1N2PP1/2RQ1RK1 w - - 0 1,Ra1,Ne3,Answer2
453,r4rk1/1p3ppp/pqn1pb1n/8/2BP4/PP3N2/1B3PPP/R2Q1RK1 b - - 0 1,Bxd4,Nf5,Answer2
454,8/P5k1/q5p1/2Qpb1p1/1n6/5P1P/4N1P1/7K b - - 0 1,Nc6,Nd3,Answer1
455,5Q2/1q5k/4r1p1/7p/P4B2/1P5P/5P1K/8 b - - 0 1,Qxb3,Qe7,Answer2
456,3r3n/pQnk3p/2p1pb1q/2P3p1/3PN3/6P1/1B5P/4R1K1 b - - 0 1,Rf8,Be7,Answer2
457,6k1/5p1p/4p1p1/4P1QP/4q1P1/5PK1/2r5/8 b - - 0 1,Qe1+,Qe2,Answer1
458,2kr4/ppp2p2/3p2p1/6q1/P3Pr2/4QPPp/1PP4P/1R3RK1 b - - 0 1,Rf5,Qc5,Answer1
459,3rr2k/pp2N1bp/4R1p1/8/8/8/P4PPP/4R1K1 b - - 0 1,Rf8,Bf8,Answer1
460,4rrk1/p2q2pp/1p6/2p2p2/1PNn1N2/3P2P1/P1PQ1PbP/R4RK1 w - - 0 1,Nxg2,Kxg2,Answer2
461,8/pppk4/8/1P3R2/6r1/8/1r5P/4R2K b - - 0 1,Kd6,Rh4,Answer1
462,8/8/2pR4/p1Pk4/6p1/3nB1P1/r4PK1/8 b - - 0 1,Kc4,Ke4,Answer1
463,r4k2/p4r2/2p4Q/2Pp1p2/1n1P4/q5P1/6B1/5RK1 b - - 0 1,Ke7,Kg8,Answer2
464,5k2/pp3p2/4p3/3rP2R/4K2n/P1B5/1P3P2/8 b - - 0 1,Ng6,Nf5,Answer1
465,r1bqk2r/ppp2pbp/2npp1p1/7n/3PPB2/2N1Q3/PPP2PPP/2KR1BNR b kq - 0 1,Nxf4,Qf6,Answer1
466,rnbqkbnr/ppp2ppp/4p3/1P1p4/8/8/PBPPPPPP/RN1QKBNR b KQkq - 0 1,a6,Bc5,Answer1
467,5r1k/1p4p1/p1p1Q2p/P1Pn1pq1/3P4/8/1P3PPP/3RR1K1 w - - 0 1,Qd7,Rd3,Answer1
468,4r1k1/2p2ppp/1p1p1q2/r7/6Q1/PP6/1P3PPP/2KRR3 b - - 0 1,Re6,Rxe1,Answer1
469,r4rk1/p1qn1ppp/1pN2n2/2bp4/8/P1N4P/1PP2PP1/R1BQ1RK1 w - - 0 1,Ne7+,Nb4,Answer2
470,5r1k/1p1r2pq/p1pN4/4pp2/2P2p1P/P3bP2/1PP5/1K1R1Q1R b - - 0 1,Rfd8,Qg6,Answer2
471,3k4/3p3p/PKB2pp1/4r3/8/6P1/8/8 b - - 0 1,Re6,dxc6,Answer1
472,8/8/k3r3/8/K1R1P3/NP6/8/4r3 w - - 0 1,Nc2,Nb5,Answer1
473,1r3rk1/p1pq1p1n/3p2bQ/3Np3/2P1P2b/1P5P/P3BPP1/R4RK1 b - - 0 1,Bf6,Qd8,Answer2
474,3r3k/5p2/5Pp1/2pq2p1/P3N3/1p1PQ3/1P3P2/2K5 b - - 0 1,Kg8,c4,Answer1
475,r1bq2k1/ppnnp1b1/7R/4p1N1/2P1p3/6Q1/PP4P1/R3KB2 b Q - 0 1,Qe8,Nf8,Answer1
476,8/8/4kp1p/2Bqp1p1/1Q4P1/5nKP/5P2/8 b - - 0 1,Nh4,Qd3,Answer1
477,r1b3k1/pp1n3p/1qp1pnpB/3pNr2/1b1P4/1B4Q1/PPP1NPPP/R4RK1 b - - 0 1,Bd6,Nxe5,Answer2
478,2r3k1/2q3bp/p2pR1p1/3p1pB1/B2P4/1P3N2/PK3PPP/3R4 w - - 0 1,Rd2,Rc1,Answer2
479,r2r2k1/p5p1/n3bp1p/qp6/3Np2P/1PP5/PK2NQ2/5R1B w - - 0 1,Rg1,Nxe6,Answer1
480,r2q1bkr/pp1np1pp/5n2/3N2N1/4PPb1/1Q6/PP4PP/R1B1K2R b KQ - 0 1,Qa5+,e6,Answer2
481,r1bqk1nr/ppp2ppp/3b4/1P1pp3/3Q4/P3P3/2P2PPP/RNB1KBNR w KQkq - 0 1,Qxd5,Qb2,Answer2
482,8/8/2p5/8/3k4/8/2K5/8 b - - 0 1,Kc4,c5,Answer1
483,3Rnr2/pp3pkp/4b2p/q3p3/4P2Q/P7/1P3PPP/3R2K1 b - - 0 1,Qc7,Nf6,Answer1
484,3Q4/rp6/1Rpp1k2/p1n1p3/P3Pn1K/2N2P2/1PP3q1/8 b - - 0 1,Kg6,Kf7,Answer2
485,5rk1/p2q1p2/4pQp1/2p1P1Np/3n4/7R/P1P2PPP/1R4K1 w - - 0 1,Rd1,c4,Answer2
486,8/8/R6p/P4p1k/1r5P/5PK1/8/8 b - - 0 1,Rxh4,f4+,Answer2
487,6k1/1p1n4/1npR1pPP/5R2/1p2r3/1P6/6P1/7K w - - 0 1,g3,g7,Answer1
488,3R4/2K5/8/Prk5/3n4/8/8/8 w - - 0 1,a6,Re8,Answer2
489,8/8/5n1P/1k4N1/8/pK6/8/8 b - - 0 1,Kc6,Kc5,Answer1
490,4k3/pR5p/6p1/2bP4/r3p1NP/6P1/5P2/4K3 b - - 0 1,h5,Bd4,Answer2
491,r1bqk2r/p1p1bppp/3p1n2/2p1Q3/4P3/2N2N2/PPP2PPP/R1B1K2R w KQkq - 0 1,Qg3,Qf4,Answer2
492,8/p1b2Bpk/4R2p/8/6P1/7P/PPP4r/3r1RK1 b - - 0 1,Rh1+,Rdd2,Answer1
493,8/5kpQ/1pp5/p2p2q1/2P1n3/1P6/1P5R/7K w - - 0 1,Qh5+,Rg2,Answer2
494,rn1q2k1/pbN2ppp/1p2r3/2b5/2Bp1Q2/5N2/PPP2PPP/R4RK1 b - - 0 1,Rf6,Bd6,Answer1
495,3k4/2q5/3rp3/1Q3p2/5Pp1/8/6PP/R5K1 b - - 0 1,Ke7,Qd7,Answer1
496,7k/6p1/7p/2Q3bP/K5P1/1p6/2b5/8 w - - 0 1,Kb4,Qc4,Answer2
497,8/4R3/4pB2/r3P2p/6p1/2p2kP1/2P2P1P/6K1 w - - 0 1,h3,Rxe6,Answer1
498,r1bq1bkr/ppp3pp/2np4/4p1N1/4P1n1/2NP1Q2/PPP2PPP/R1B1K2R b KQ - 0 1,Nd4,Nf6,Answer2
499,4r1k1/5p2/1b5p/3R2p1/1Pq5/1N1Q2P1/P3rPP1/5RK1 b - - 0 1,Qxb4,Qxd3,Answer2
500,5rk1/pp4p1/2p4p/3pqP2/8/2P1nR2/PP4PP/1BQ3K1 b - - 0 1,Nxf5,Ng4,Answer2
501,r2qk2r/3b1p2/2pBp2p/pp1n2p1/3Pp3/2P5/P1PQBPPP/1R3RK1 b kq - 0 1,f5,Bc8,Answer2
502,r4r1k/1ppqbpRp/p1n2n1B/4p1Q1/B3P3/2pP1P1P/PPP2P2/2KR4 b - - 0 1,Ne8,Ng8,Answer1
503,r5k1/p2qbppp/1p6/8/2Q5/2B2P2/PP4PP/4R1K1 b - - 0 1,Bc5+,Rc8,Answer1
504,r2n1rk1/p2q2b1/P1pN2np/2P5/4p3/3P1pP1/2NB1P1P/1R1Q1K1B w - - 0 1,dxe4,Nxe4,Answer1
505,1b2r1k1/ppq5/2p1n1p1/4npNp/8/2P2Q1P/PPB3P1/2B1R1K1 w - - 0 1,Qf2,Qe2,Answer1
506,8/1k3p2/1pn1p2p/2pr4/8/P1PPR1P1/1P4P1/5NK1 b - - 0 1,b5,Ne5,Answer1
507,5r2/2pnN1pk/p2pp3/1p2p1B1/1P2P1P1/2PPK3/P4rP1/R7 b - - 0 1,Rxg2,Rf1,Answer2
508,5r2/p2r2k1/1p1p2P1/1P2p2p/2P4K/3P1PR1/8/6R1 b - - 0 1,Kh6,d5,Answer2
509,2k3r1/1bpq1p2/1bnp1n2/1N2P2p/3P3r/5QB1/1PB2PP1/R3R1K1 b - - 0 1,Kb8,Nxd4,Answer1
510,rn1qkb1r/pp2pppp/2p2n2/5b2/3PN3/3Q1P2/PPP3PP/R1B1KBNR b KQkq - 0 1,e6,Nbd7,Answer1
511,r1r3k1/p2q1pp1/1p1bp2p/2np4/8/2QPB1PP/PPR1PPB1/2R3K1 b - - 0 1,Ne4,Rc7,Answer2
512,2b1r3/Q1pp1kp1/1p3b1p/8/5P2/2N2nPN/P1PK3P/R7 w - - 0 1,Kc1,Kd3,Answer2
513,1k3r2/4p1bp/q6p/8/3P4/1Q5P/PP3PP1/3R3K b - - 0 1,Qb7,Ka7,Answer2
514,1r3rk1/p1p2ppp/2pq1n2/2Q5/8/3B4/PPP2PPP/R4RK1 w - - 0 1,Qxa7,Qxd6,Answer2
515,2k4r/p1p1np2/1p2p1b1/6p1/1PB5/2P5/P3NKP1/3R4 b - - 0 1,c6,Rd8,Answer1
516,r1bq1rk1/ppp2ppp/2nbpn2/6B1/3Pp3/2N2N2/PPPQ1PPP/R3KB1R w KQ - 0 1,Bxf6,Nxe4,Answer1
517,rnbq2kr/pppp2pp/8/2b1N3/3Pn3/2P5/PP3PPP/RNBQK2R b KQ - 0 1,Be7,Bd6,Answer1
518,5rk1/1bq2ppp/p5r1/1p3Q2/3p1b2/PB1P3P/1PPNRPP1/4R2K b - - 0 1,Bxg2+,Qc6,Answer1
519,6k1/3N1pp1/2p1p2p/1b1pN3/3Pn3/2r1P1P1/R4PKP/8 b - - 0 1,g5,c5,Answer1
520,5rk1/pN4pp/5p2/8/5b2/3PrNqP/PPP2RP1/R2Q2K1 w - - 0 1,Re2,Nc5,Answer2
521,2k4r/p1q3pb/3rpp2/3n3p/1p3P2/3PPN1P/PBP1Q1P1/1K1R3R w - - 0 1,Nd4,e4,Answer1
522,3q1bk1/4rp2/p5pp/1p2Q3/1P6/P6P/2B2PP1/4R1K1 w - - 0 1,Qc3,Qa1,Answer2
523,4r1k1/1Rbq4/2p2p2/p1Pp3Q/3P3P/P4Nr1/1R3K2/8 b - - 0 1,Qe6,Rf8,Answer2
524,8/5p2/1R5P/6k1/8/8/1p3P1K/1r6 b - - 0 1,Ra1,Rf1,Answer1
525,r1b4k/1p1p1Rrp/p5pQ/4q3/4P3/8/PPP3PP/5RK1 b - - 0 1,Rxf7,Qd4+,Answer2
526,r2qkb1r/pp3ppp/2n1bn2/1B1pQ3/5P2/5N2/PPPP2PP/RNB1K2R w KQkq - 0 1,f5,O-O,Answer1
527,r1k4r/1p1n4/p1qbQBpp/8/6P1/1P3P2/P1PP3P/2KR2NR w - - 0 1,Kb1,Bxh8,Answer1
528,8/5p1p/6pP/5q2/p4P2/P1P1Q1R1/1r5k/2NK2R1 w - - 0 1,Rh1+,Qf3,Answer1
529,r1bq1rk1/pp2bppp/4p3/2Pp3n/3P4/2NQ1N2/P4PPP/1RB2RK1 b - - 0 1,b6,Nf4,Answer1
530,r1b2rk1/pp2q1pp/n1pn1p2/3pp2Q/3P1N2/P2BP3/1PP2PPP/1K1R3R b - - 0 1,exf4,e4,Answer2
531,r3k1nr/ppp2ppp/2np1q2/4p3/1b2P1b1/3P1NP1/PPPN1PBP/R1BQK2R w KQkq - 0 1,O-O,c3,Answer2
532,6k1/5pp1/p1p2qr1/3p3p/1PpPrBP1/P1PbR2P/5QP1/4R1K1 w - - 0 1,Rxe4,g5,Answer1
533,2r3k1/1p3ppp/2r3q1/p3p1Q1/3bN1P1/PP1P1P2/2P4R/1R1K4 b - - 0 1,b5,Rxc2,Answer1
534,2k5/1pp5/7P/p1R5/8/P6R/5rr1/1K6 w - - 0 1,h7,Rc1,Answer1
535,8/8/3k2p1/p1p2p1p/PpKp1P1P/3P1B2/6P1/8 w - - 0 1,Bd1,Bd5,Answer1
536,2r5/5r1k/p1npR2p/1p5q/4P3/1P6/PPNQ4/1K4R1 w - - 0 1,Rc1,Qxd6,Answer1
537,8/p7/3q2k1/1p1P1b2/1PK1pB2/P3Q3/8/8 w - - 0 1,Kc3,Kd4,Answer1
538,2R5/8/8/B4n2/3p2r1/8/5K1P/3k4 w - - 0 1,Rc4,Kf3,Answer2
539,3r4/1p2k1pp/p1p1pp2/3r4/PPRP1PP1/4PK1P/8/2R5 b - - 0 1,h5,Kd6,Answer1
540,6k1/p4p1p/3p2p1/1p1Nb3/3p1P2/3q2P1/PP4K1/4Q3 b - - 0 1,Bg7,Qc4,Answer2
541,8/p7/8/6p1/2k3K1/P1P5/8/8 w - - 0 1,a4,Kxg5,Answer1
542,8/2p2kp1/2Pb4/p2q3p/P2B4/5rP1/2P4P/3RQ1K1 w - - 0 1,Bxg7,Qe2,Answer2
543,7r/ppkn1rp1/1bpp3q/4p3/2N5/1PP1PPP1/P1QP3P/R1B2RK1 w - - 0 1,d4,Nxb6,Answer1
544,8/2R2pkp/6p1/prN5/2p5/5PP1/PPKRn2P/4r3 w - - 0 1,Rdd7,b3,Answer1
545,rnb1k2r/pppp1ppp/5q2/8/2PbP1Q1/2N5/PP3PPP/R1B1KB1R w KQkq - 0 1,Qg3,Be3,Answer1
546,6k1/pp4pp/1qp1pr2/8/8/1P3PQ1/P1r3PP/R2R3K b - - 0 1,Rg6,Qc5,Answer2
547,r1b1k3/pp2nrp1/2npp2p/q1b4Q/5B2/2PB2PN/PP1N1P1P/R3K2R w KQq - 0 1,Be2,a3,Answer1
548,r2q1rk1/pp3ppp/5n2/2np1pB1/8/P1P3P1/2P1PPBP/R2Q1RK1 w - - 0 1,Bxd5,Bxf6,Answer2
549,2r3k1/Q4bp1/p4p1p/1p1p3P/8/3B4/PPP4q/1K2R3 b - - 0 1,Qg3,Re8,Answer1
550,r1b1kb1r/pp1n1ppp/2p1qn2/6N1/Q7/2N5/PP1PBPPP/R1B1K2R b KQkq - 0 1,Nc5,Qf5,Answer2
551,r1bq1rk1/p1p3pp/1p1p4/3Np1p1/2BnP3/P2P4/1PP1Q1PP/R1B2R1K w - - 0 1,Nxc7+,Qd2,Answer1
552,8/8/5kp1/3R3p/4r2P/6K1/8/8 w - - 0 1,Rg5,Rc5,Answer2
553,2kr3r/pb1pq2p/1p2ppn1/7Q/7B/1BP5/P4PPP/3RR1K1 w - - 0 1,Bd5,Bg3,Answer2
554,r4rk1/pp4p1/5pP1/3pp3/q2n3R/P3N3/1PP3P1/2K2Q2 b - - 0 1,Nb3+,Rac8,Answer1
555,r1bq2rk/1pp1bp2/5n1p/p2B1N2/3PP3/P4N1n/1P1Q1PP1/R4R1K b - - 0 1,Bxf5,Nxd5,Answer1
556,1r5k/2R5/8/7r/2p2P2/8/1pP5/1K1R4 w - - 0 1,Rxc4,f5,Answer2
557,6k1/6p1/p4p1p/1brpp3/8/QP2PNP1/P1q2PPK/3R4 b - - 0 1,Qc3,Be2,Answer1
558,rnbqkb1r/pp2pppp/2p2n2/8/3PN3/8/PPP1QPPP/R1B1KBNR b KQkq - 0 1,Qxd4,Nbd7,Answer1
559,1r2r1kq/5p1p/3p2p1/1npP1PP1/2R1P3/8/1b1QNBP1/R5K1 w - - 0 1,Ra2,Rb1,Answer1
560,6k1/5ppp/7P/p1qpPbP1/1p1Q1P2/1P6/4N3/4K3 b - - 0 1,Qc6,Qc7,Answer2
561,2kr2n1/pbpnqpp1/1p6/r7/2PP1N1p/2bQ4/PP1BP1PP/1K1R1B1R w - - 0 1,Bxc3,Qxc3,Answer2
562,2R5/3r1p1k/4pPp1/4P2p/8/4Q1K1/P1P5/5q2 b - - 0 1,g5,Rd1,Answer1
563,rn4k1/pp3p1p/1qp3pb/3p4/1P1Q1Pb1/2B3PN/P3r1BP/RN1n1R1K b - - 0 1,Nxc3,Ne3,Answer1
564,6k1/pp3ppp/4r3/3pr3/4nPQ1/1P1Bq2P/P1P3P1/R4R1K b - - 0 1,Nf2+,h5,Answer2
565,3b3k/2p2R2/Q3n2p/P5p1/2Pp4/5NP1/4q2P/7K w - - 0 1,Nd2,Qb5,Answer1
566,4k2r/2p1n1pp/5p2/rp6/3N2b1/8/PPP2KPP/RN2R3 b k - 0 1,Bd7,Kf7,Answer1
567,6k1/2p2p1p/2Nb1np1/p7/6P1/7P/6B1/2B1qQK1 b - - 0 1,Qc3,Qg3,Answer1
568,1r2rbk1/1p1b1p2/p2p1Pp1/q1pNn1Pp/P1P1PB2/7P/1P2Q3/R3RBK1 w - - 0 1,Bd2,Bg2,Answer2
569,rnb2rk1/p4ppp/4pn2/qpbp2N1/8/2P1P3/PPB2PPP/RNBQ1RK1 b - - 0 1,Qc7,g6,Answer1
570,r5k1/1N5p/1P2qpp1/8/1Q1P4/7P/5PP1/6K1 w - - 0 1,Nd6,Nc5,Answer1
571,8/1p2Q2p/p2R2p1/6k1/8/PP2P1P1/2q2r1P/7K b - - 0 1,Kg4,Kh6,Answer1
572,1r2n1k1/1rn2ppp/1p1Bp3/p3P3/P3NP2/6P1/5K1P/2RR4 b - - 0 1,Ra8,Rd8,Answer1
573,r4rk1/p1pn3p/2p2qp1/3n1p2/3P4/P1PB2B1/2Q2PPP/R3R1K1 w - - 0 1,Bc4,f3,Answer2
574,r1q2rk1/5pp1/2pp2np/pNbPp3/PpP1P3/3Q1NPP/1P3PK1/4RR2 w - - 0 1,Rc1,dxc6,Answer2
575,3r2k1/1p3ppp/p2r4/4p3/2BnP3/1P3P2/1PP3PP/2KR3R w - - 0 1,Rd2,c3,Answer2
576,rnbqr1k1/p3bppp/5n2/3pN3/2pP4/2P5/P4PPP/RNBQRBK1 b - - 0 1,Nbd7,Bd6,Answer2
577,r2q1rk1/1pp1bppp/nn2p3/p3P3/P1NP4/4Bb1P/1P2BPP1/R2Q1RK1 w - - 0 1,gxf3,Nxb6,Answer1
